Thu_Hang,Thuoc_Tinh,Nhom,Don_Vi,Mean,Std,Min,Median,Max,Pearson_r,R2_Score,He_So_Goc_a,He_So_Chan_b,MAE_Don_Bien,MAPE_Don_Bien_Pct,Danh_Gia
1,Weight_g,Vật chứa & Khối lúa,gam,4.301,2.275,0.6,4.07,8.08,0.9986,0.9972,37.74203,-0.19,2.89,3.15,🌟 Cực kỳ mạnh
2,Bulk_Rice_Volume_mm3,Vật chứa & Khối lúa,mm³,8452.728,4208.703,1318.88,8236.79,15065.58,0.9958,0.9916,0.02034,-9.81,5.77,6.11,🌟 Cực kỳ mạnh
3,Inner_Diameter_mm,Vật chứa & Khối lúa,mm,20.38,2.499,17.8,22.8,22.8,0.8815,0.7771,30.33167,-456.02,34.5,34.45,🌟 Cực kỳ mạnh
4,Container_Height_mm,Vật chứa & Khối lúa,mm,35.551,1.599,33.9,37.1,37.1,0.8815,0.7771,47.39323,-1522.75,34.5,34.45,🌟 Cực kỳ mạnh
5,Rice_Height_mm,Vật chứa & Khối lúa,mm,24.266,8.709,5.3,26.2,36.9,0.8807,0.7756,8.69372,-48.82,33.96,27.9,🌟 Cực kỳ mạnh
6,Empty_Height_mm,Vật chứa & Khối lúa,mm,11.285,7.851,0.2,9.8,28.6,-0.7974,0.6359,-8.73273,260.69,45.08,33.37,🟢 Rất mạnh
7,Whole_Grains_Count,Bề mặt & Ước lượng,hạt,6.684,3.061,1.0,7.0,15.0,0.7603,0.5781,21.35708,19.39,45.14,43.86,🟢 Rất mạnh
8,Container_Detected_Diam_px,Vật chứa & Khối lúa,px,1546.952,803.006,308.0,1617.0,13071.0,0.3587,0.1287,0.03841,102.72,67.62,75.0,🟠 Trung bình
9,Pixels_Per_mm,Vật chứa & Khối lúa,px/mm,75.109,33.398,13.53,74.905,573.31,0.1825,0.0333,0.46976,126.86,74.43,82.98,⚪ Yếu / Nhiễu
10,Grain_Length_mm_Min,Chiều dài 2a,mm,4.967,1.64,0.602,4.782,27.038,-0.1566,0.0245,-8.21208,202.93,74.39,84.2,⚪ Yếu / Nhiễu
11,Grain_Width_mm_Min,Chiều rộng 2b,mm,1.763,0.527,0.22,1.738,9.305,-0.1126,0.0127,-18.36135,194.5,75.4,85.08,⚪ Yếu / Nhiễu
12,Grain_Thickness_mm_Min,Chiều dày 2c,mm,1.41,0.422,0.176,1.39,7.444,-0.1125,0.0127,-22.94744,194.5,75.4,85.08,⚪ Yếu / Nhiễu
13,Grain_Length_mm_Std,Chiều dài 2a,mm,0.933,0.615,0.0,0.853,5.329,0.0849,0.0072,11.87642,151.06,76.21,85.04,⚪ Yếu / Nhiễu
14,Uniformity_Rate_Pct,Bề mặt & Ước lượng,%,94.557,9.235,60.0,100.0,100.0,-0.0831,0.0069,-0.77358,235.29,76.27,85.4,⚪ Yếu / Nhiễu
15,Estimated_Total_Seeds_Hybrid,Bề mặt & Ước lượng,hạt,1277.356,12602.534,2.0,474.0,200097.0,0.0645,0.0042,0.00044,161.58,75.93,85.38,⚪ Yếu / Nhiễu
16,Grain_Length_mm_Max,Chiều dài 2a,mm,7.71,2.796,0.958,7.192,43.595,0.0576,0.0033,1.76984,148.49,76.49,85.55,⚪ Yếu / Nhiễu
17,Grain_Width_mm_Max,Chiều rộng 2b,mm,2.553,1.292,0.556,2.34,21.025,0.0538,0.0029,3.57579,153.01,76.38,85.61,⚪ Yếu / Nhiễu
18,Grain_Thickness_mm_Max,Chiều dày 2c,mm,2.042,1.034,0.445,1.872,16.82,0.0537,0.0029,4.4689,153.01,76.38,85.61,⚪ Yếu / Nhiễu
19,Grain_Thickness_mm_Std,Chiều dày 2c,mm,0.213,0.241,0.0,0.171,3.084,0.0525,0.0028,18.75339,158.15,76.33,85.63,⚪ Yếu / Nhiễu
20,Grain_Width_mm_Std,Chiều rộng 2b,mm,0.266,0.301,0.0,0.213,3.855,0.0525,0.0028,14.97758,158.15,76.34,85.63,⚪ Yếu / Nhiễu
21,Grain_Area_mm2_Min,Diện tích 2D,mm²,7.624,11.691,0.119,6.777,190.152,-0.0443,0.002,-0.32558,164.62,76.16,85.81,⚪ Yếu / Nhiễu
22,Grain_Volume_mm3_Min,Thể tích 3D Hạt,mm³,10.999,61.498,0.017,6.764,980.656,-0.0189,0.0004,-0.02642,162.43,76.19,85.8,⚪ Yếu / Nhiễu
23,Grain_Width_mm_Mean,Chiều rộng 2b,mm,2.095,0.649,0.306,2.049,11.644,-0.0156,0.0002,-2.0607,166.46,76.11,85.73,⚪ Yếu / Nhiễu
24,Grain_Thickness_mm_Mean,Chiều dày 2c,mm,1.676,0.519,0.245,1.639,9.316,-0.0155,0.0002,-2.56609,166.44,76.11,85.73,⚪ Yếu / Nhiễu
25,Grain_Area_mm2_Std,Diện tích 2D,mm²,2.4,5.078,0.0,1.795,79.327,0.0132,0.0002,0.2238,161.6,76.27,85.75,⚪ Yếu / Nhiễu
26,Grain_Area_mm2_Max,Diện tích 2D,mm²,14.771,27.526,0.345,11.924,443.688,0.0127,0.0002,0.03961,161.55,76.27,85.75,⚪ Yếu / Nhiễu
27,Grain_Volume_mm3_Mean,Thể tích 3D Hạt,mm³,20.116,133.158,0.036,10.906,2120.363,-0.0098,0.0001,-0.00632,162.27,76.16,85.76,⚪ Yếu / Nhiễu
28,Grain_Length_mm_Mean,Chiều dài 2a,mm,6.266,1.879,0.829,6.093,33.279,-0.0098,0.0001,-0.4472,164.94,76.09,85.73,⚪ Yếu / Nhiễu
29,Grain_Volume_mm3_Std,Thể tích 3D Hạt,mm³,10.987,108.318,0.0,3.01,1718.956,-0.0079,0.0001,-0.00627,162.21,76.16,85.75,⚪ Yếu / Nhiễu
30,Grain_Area_mm2_Mean,Diện tích 2D,mm²,10.601,16.949,0.189,9.28,276.406,-0.0075,0.0001,-0.03806,162.54,76.15,85.75,⚪ Yếu / Nhiễu
31,Grain_Volume_mm3_Max,Thể tích 3D Hạt,mm³,44.131,393.831,0.115,15.229,6256.024,-0.0058,0.0,-0.00126,162.2,76.17,85.76,⚪ Yếu / Nhiễu
